{
  "enableCopperGolem": true,
  "generateCopperGolemAreaStructure": true,
  "enableGlareSpawn": true,
  "glareSpawnWeight": 32,
  "glareSpawnMinGroupSize": 1,
  "glareSpawnMaxGroupSize": 1,
  "enableMaulerSpawn": true,
  "maulerDesertSpawnWeight": 32,
  "maulerDesertSpawnMinGroupSize": 1,
  "maulerDesertSpawnMaxGroupSize": 1,
  "maulerBadlandsSpawnWeight": 32,
  "maulerBadlandsSpawnMinGroupSize": 1,
  "maulerBadlandsSpawnMaxGroupSize": 1,
  "maulerSavannaSpawnWeight": 32,
  "maulerSavannaSpawnMinGroupSize": 1,
  "maulerSavannaSpawnMaxGroupSize": 1,
  "enableMoobloomSpawn": true,
  "moobloomFlowerForestSpawnWeight": 32,
  "moobloomFlowerForestSpawnMinGroupSize": 2,
  "moobloomFlowerForestSpawnMaxGroupSize": 4,
  "moobloomMeadowSpawnWeight": 2,
  "moobloomMeadowSpawnMinGroupSize": 2,
  "moobloomMeadowSpawnMaxGroupSize": 4,
  "enableBeekeeperVillagerProfession": true,
  "generateBeekeeperAreaStructure": true,
  "enableIllusionerSpawn": true,
  "enableIllusionerInRaids": true,
  "generateIllusionerShackStructure": true,
  "enableIceologerSpawn": true,
  "enableIceologerInRaids": true,
  "generateIceologerCabinStructure": true
}
