{
  "mod_id": "betternether",
  "provided_stones": [],
  "provided_ores": [
    {
      "block_id": [
        "betternether:nether_redstone_ore"
      ],
      "en_name": "Redstone Ore",
      "types": [
        "nether"
      ],
      "texture_count": 5,
      "id": "redstone_ore",
      "stone": [
        "netherrack"
      ]
    },
    {
      "block_id": [
        "betternether:nether_lapis_ore"
      ],
      "en_name": "Lapis Ore",
      "types": [
        "nether"
      ],
      "texture_count": 5,
      "id": "lapis_ore",
      "stone": [
        "netherrack"
      ]
    },
    {
      "block_id": [
        "betternether:cincinnasite_ore"
      ],
      "en_name": "Cincinnasite Ore",
      "types": [
        "nether"
      ],
      "texture_count": 5,
      "id": "cincinnasite_ore",
      "stone": [
        "netherrack"
      ]
    },
    {
      "block_id": [
        "betternether:nether_ruby_ore"
      ],
      "en_name": "Ruby Ore",
      "types": [
        "nether"
      ],
      "texture_count": 5,
      "id": "ruby_ore",
      "stone": [
        "netherrack"
      ]
    }
  ]
}