{
  "mod_id": "create",
  "provided_stones": [
    {
      "block_id": "minecraft:smooth_basalt",
      "types": [
        "nether"
      ],
      "id": "create_smooth_basalt",
      "en_name": "Smooth Basalt"
    },
    {
      "block_id": "create:asurine",
      "types": [
        "stone"
      ],
      "id": "create_asurine",
      "en_name": "Asurine"
    },
    {
      "block_id": "create:crimsite",
      "types": [
        "stone"
      ],
      "id": "create_crimsite",
      "en_name": "Crimsite"
    },
    {
      "block_id": "create:limestone",
      "types": [
        "stone"
      ],
      "id": "create_limestone",
      "en_name": "Limestone"
    },
    {
      "block_id": "create:ochrum",
      "types": [
        "stone"
      ],
      "id": "create_ochrum",
      "en_name": "Ochrum"
    },
    {
      "block_id": "create:scorchia",
      "types": [
        "stone",
        "nether"
      ],
      "id": "create_scorchia",
      "en_name": "Scorchia"
    },
    {
      "block_id": "create:scoria",
      "types": [
        "stone",
        "nether"
      ],
      "id": "create_scoria",
      "en_name": "Scoria"
    },
    {
      "block_id": "create:veridium",
      "types": [
        "stone"
      ],
      "id": "create_veridium",
      "en_name": "Veridium"
    }
  ],
  "provided_ores": [
    {
      "block_id": [
        "create:zinc_ore",
        "create:deepslate_zinc_ore"
      ],
      "en_name": "Zinc Ore",
      "types": [
        "stone"
      ],
      "texture_count": 5,
      "id": "zinc_ore",
      "stone": [
        "stone",
        "deepslate"
      ]
    }
  ]
}