{
  "mod_id": "mysticalagriculture",
  "provided_stones": [
    {
      "block_id": "mysticalagriculture:soulstone",
      "types": [
        "nether",
        "soul"
      ],
      "id": "mysticalagriculture_soulstone",
      "en_name": "Soulstone"
    }
  ],
  "provided_ores": [
    {
      "block_id": [
        "mysticalagriculture:soulium_ore"
      ],
      "en_name": "Soulium Ore",
      "types": [
        "soul"
      ],
      "texture_count": 5,
      "id": "soulium_ore",
      "stone": [
        "mysticalagriculture_soulstone"
      ]
    },
    {
      "block_id": [
        "mysticalagriculture:prosperity_ore",
        "mysticalagriculture:deepslate_prosperity_ore"
      ],
      "en_name": "Prosperity Ore",
      "types": [
        "stone"
      ],
      "texture_count": 5,
      "id": "prosperity_ore",
      "stone": [
        "stone",
        "deepslate"
      ]
    },
    {
      "block_id": [
        "mysticalagriculture:inferium_ore",
        "mysticalagriculture:deepslate_inferium_ore"
      ],
      "en_name": "Inferium Ore",
      "types": [
        "stone"
      ],
      "texture_count": 5,
      "id": "inferium_ore",
      "stone": [
        "stone",
        "deepslate"
      ]
    }
  ]
}