{
  "mod_id": "unearthed",
  "provided_stones": [
    {
      "block_id": "unearthed:quartzite",
      "types": [
        "stone"
      ],
      "id": "unearthed_quartzite",
      "en_name": "Quartzite"
    },
    {
      "block_id": "unearthed:weathered_rhyolite",
      "types": [
        "stone"
      ],
      "id": "unearthed_weathered_rhyolite",
      "en_name": "Weathered Rhyolite"
    },
    {
      "block_id": "unearthed:dolerite",
      "types": [
        "stone"
      ],
      "id": "unearthed_dolerite",
      "en_name": "Dolerite"
    },
    {
      "block_id": "unearthed:schist",
      "types": [
        "stone"
      ],
      "id": "unearthed_schist",
      "en_name": "Schist"
    },
    {
      "block_id": "unearthed:pillow_basalt",
      "types": [
        "stone"
      ],
      "id": "unearthed_pillow_basalt",
      "en_name": "Pillow Basalt"
    },
    {
      "block_id": "unearthed:dacite",
      "types": [
        "stone"
      ],
      "id": "unearthed_dacite",
      "en_name": "Dacite"
    },
    {
      "block_id": "unearthed:beige_limestone",
      "types": [
        "stone"
      ],
      "id": "unearthed_beige_limestone",
      "en_name": "Beige Limestone"
    },
    {
      "block_id": "unearthed:conglomerate",
      "types": [
        "stone"
      ],
      "id": "unearthed_conglomerate",
      "en_name": "Conglomerate"
    },
    {
      "block_id": "unearthed:gabbro",
      "types": [
        "stone"
      ],
      "id": "unearthed_gabbro",
      "en_name": "Gabbro"
    },
    {
      "block_id": "unearthed:granodiorite",
      "types": [
        "stone"
      ],
      "id": "unearthed_granodiorite",
      "en_name": "Granodiorite"
    },
    {
      "block_id": "unearthed:grey_limestone",
      "types": [
        "stone"
      ],
      "id": "unearthed_grey_limestone",
      "en_name": "Grey Limestone"
    },
    {
      "block_id": "unearthed:limestone",
      "types": [
        "stone"
      ],
      "id": "unearthed_limestone",
      "en_name": "Limestone"
    },
    {
      "block_id": "unearthed:mudstone",
      "types": [
        "stone"
      ],
      "id": "unearthed_mudstone",
      "en_name": "Mudstone"
    },
    {
      "block_id": "unearthed:phyllite",
      "types": [
        "stone"
      ],
      "id": "unearthed_phyllite",
      "en_name": "Phyllite"
    },
    {
      "block_id": "unearthed:rhyolite",
      "types": [
        "stone"
      ],
      "id": "unearthed_rhyolite",
      "en_name": "Rhyolite"
    },
    {
      "block_id": "unearthed:siltstone",
      "types": [
        "stone"
      ],
      "id": "unearthed_siltstone",
      "en_name": "Siltstone"
    },
    {
      "block_id": "unearthed:slate",
      "types": [
        "stone"
      ],
      "id": "unearthed_slate",
      "en_name": "Slate"
    },
    {
      "block_id": "unearthed:white_granite",
      "types": [
        "stone"
      ],
      "id": "unearthed_white_granite",
      "en_name": "White Granite"
    },
    {
      "block_id": "unearthed:quartzite",
      "types": [
        "stone"
      ],
      "id": "unearthed_quartzite",
      "en_name": "Quartzite"
    },
    {
      "block_id": "unearthed:weathered_rhyolite",
      "types": [
        "stone"
      ],
      "id": "unearthed_weathered_rhyolite",
      "en_name": "Weathered Rhyolite"
    },
    {
      "block_id": "unearthed:dolerite",
      "types": [
        "stone"
      ],
      "id": "unearthed_dolerite",
      "en_name": "Dolerite"
    },
    {
      "block_id": "unearthed:schist",
      "types": [
        "stone"
      ],
      "id": "unearthed_schist",
      "en_name": "Schist"
    },
    {
      "block_id": "unearthed:pillow_basalt",
      "types": [
        "stone"
      ],
      "id": "unearthed_pillow_basalt",
      "en_name": "Pillow Basalt"
    },
    {
      "block_id": "unearthed:dacite",
      "types": [
        "stone"
      ],
      "id": "unearthed_dacite",
      "en_name": "Dacite"
    }
  ],
  "provided_ores": [
    {
      "block_id": [
        "unearthed:beige_limestone_coal_ore",
        "unearthed:conglomerate_coal_ore",
        "unearthed:gabbro_coal_ore",
        "unearthed:granodiorite_coal_ore",
        "unearthed:grey_limestone_coal_ore",
        "unearthed:limestone_coal_ore",
        "unearthed:mudstone_coal_ore",
        "unearthed:phyllite_coal_ore",
        "unearthed:rhyolite_coal_ore",
        "unearthed:siltstone_coal_ore",
        "unearthed:slate_coal_ore",
        "unearthed:white_granite_coal_ore",
        "unearthed:sandstone_coal_ore"
      ],
      "en_name": "Coal Ore",
      "types": [
        "stone"
      ],
      "texture_count": 5,
      "id": "coal_ore",
      "stone": [
        "unearthed_beige_limestone",
        "unearthed_conglomerate",
        "unearthed_gabbro",
        "unearthed_granodiorite",
        "unearthed_grey_limestone",
        "unearthed_limestone",
        "unearthed_mudstone",
        "unearthed_phyllite",
        "unearthed_rhyolite",
        "unearthed_siltstone",
        "unearthed_slate",
        "unearthed_white_granite",
        "sandstone"
      ]
    },
    {
      "block_id": [
        "unearthed:beige_limestone_iron_ore",
        "unearthed:conglomerate_iron_ore",
        "unearthed:gabbro_iron_ore",
        "unearthed:granodiorite_iron_ore",
        "unearthed:grey_limestone_iron_ore",
        "unearthed:limestone_iron_ore",
        "unearthed:mudstone_iron_ore",
        "unearthed:phyllite_iron_ore",
        "unearthed:rhyolite_iron_ore",
        "unearthed:siltstone_iron_ore",
        "unearthed:slate_iron_ore",
        "unearthed:white_granite_iron_ore",
        "unearthed:sandstone_iron_ore"
      ],
      "en_name": "Iron Ore",
      "types": [
        "stone"
      ],
      "texture_count": 5,
      "id": "iron_ore",
      "stone": [
        "unearthed_beige_limestone",
        "unearthed_conglomerate",
        "unearthed_gabbro",
        "unearthed_granodiorite",
        "unearthed_grey_limestone",
        "unearthed_limestone",
        "unearthed_mudstone",
        "unearthed_phyllite",
        "unearthed_rhyolite",
        "unearthed_siltstone",
        "unearthed_slate",
        "unearthed_white_granite",
        "sandstone"
      ]
    },
    {
      "block_id": [
        "unearthed:beige_limestone_gold_ore",
        "unearthed:conglomerate_gold_ore",
        "unearthed:gabbro_gold_ore",
        "unearthed:granodiorite_gold_ore",
        "unearthed:grey_limestone_gold_ore",
        "unearthed:limestone_gold_ore",
        "unearthed:mudstone_gold_ore",
        "unearthed:phyllite_gold_ore",
        "unearthed:rhyolite_gold_ore",
        "unearthed:siltstone_gold_ore",
        "unearthed:slate_gold_ore",
        "unearthed:white_granite_gold_ore",
        "unearthed:sandstone_gold_ore"
      ],
      "en_name": "Gold Ore",
      "types": [
        "stone"
      ],
      "texture_count": 5,
      "id": "gold_ore",
      "stone": [
        "unearthed_beige_limestone",
        "unearthed_conglomerate",
        "unearthed_gabbro",
        "unearthed_granodiorite",
        "unearthed_grey_limestone",
        "unearthed_limestone",
        "unearthed_mudstone",
        "unearthed_phyllite",
        "unearthed_rhyolite",
        "unearthed_siltstone",
        "unearthed_slate",
        "unearthed_white_granite",
        "sandstone"
      ]
    },
    {
      "block_id": [
        "unearthed:beige_limestone_copper_ore",
        "unearthed:conglomerate_copper_ore",
        "unearthed:gabbro_copper_ore",
        "unearthed:granodiorite_copper_ore",
        "unearthed:grey_limestone_copper_ore",
        "unearthed:limestone_copper_ore",
        "unearthed:mudstone_copper_ore",
        "unearthed:phyllite_copper_ore",
        "unearthed:rhyolite_copper_ore",
        "unearthed:siltstone_copper_ore",
        "unearthed:slate_copper_ore",
        "unearthed:white_granite_copper_ore",
        "unearthed:sandstone_copper_ore"
      ],
      "en_name": "Copper Ore",
      "types": [
        "stone"
      ],
      "texture_count": 5,
      "id": "copper_ore",
      "stone": [
        "unearthed_beige_limestone",
        "unearthed_conglomerate",
        "unearthed_gabbro",
        "unearthed_granodiorite",
        "unearthed_grey_limestone",
        "unearthed_limestone",
        "unearthed_mudstone",
        "unearthed_phyllite",
        "unearthed_rhyolite",
        "unearthed_siltstone",
        "unearthed_slate",
        "unearthed_white_granite",
        "sandstone"
      ]
    },
    {
      "block_id": [
        "unearthed:beige_limestone_lapis_ore",
        "unearthed:conglomerate_lapis_ore",
        "unearthed:gabbro_lapis_ore",
        "unearthed:granodiorite_lapis_ore",
        "unearthed:grey_limestone_lapis_ore",
        "unearthed:limestone_lapis_ore",
        "unearthed:mudstone_lapis_ore",
        "unearthed:phyllite_lapis_ore",
        "unearthed:rhyolite_lapis_ore",
        "unearthed:siltstone_lapis_ore",
        "unearthed:slate_lapis_ore",
        "unearthed:white_granite_lapis_ore",
        "unearthed:sandstone_lapis_ore"
      ],
      "en_name": "Lapis Ore",
      "types": [
        "stone"
      ],
      "texture_count": 5,
      "id": "lapis_ore",
      "stone": [
        "unearthed_beige_limestone",
        "unearthed_conglomerate",
        "unearthed_gabbro",
        "unearthed_granodiorite",
        "unearthed_grey_limestone",
        "unearthed_limestone",
        "unearthed_mudstone",
        "unearthed_phyllite",
        "unearthed_rhyolite",
        "unearthed_siltstone",
        "unearthed_slate",
        "unearthed_white_granite",
        "sandstone"
      ]
    },
    {
      "block_id": [
        "unearthed:beige_limestone_emerald_ore",
        "unearthed:conglomerate_emerald_ore",
        "unearthed:gabbro_emerald_ore",
        "unearthed:granodiorite_emerald_ore",
        "unearthed:grey_limestone_emerald_ore",
        "unearthed:limestone_emerald_ore",
        "unearthed:mudstone_emerald_ore",
        "unearthed:phyllite_emerald_ore",
        "unearthed:rhyolite_emerald_ore",
        "unearthed:siltstone_emerald_ore",
        "unearthed:slate_emerald_ore",
        "unearthed:white_granite_emerald_ore",
        "unearthed:sandstone_emerald_ore"
      ],
      "en_name": "Emerald Ore",
      "types": [
        "stone"
      ],
      "texture_count": 5,
      "id": "emerald_ore",
      "stone": [
        "unearthed_beige_limestone",
        "unearthed_conglomerate",
        "unearthed_gabbro",
        "unearthed_granodiorite",
        "unearthed_grey_limestone",
        "unearthed_limestone",
        "unearthed_mudstone",
        "unearthed_phyllite",
        "unearthed_rhyolite",
        "unearthed_siltstone",
        "unearthed_slate",
        "unearthed_white_granite",
        "sandstone"
      ]
    },
    {
      "block_id": [
        "unearthed:beige_limestone_diamond_ore",
        "unearthed:conglomerate_diamond_ore",
        "unearthed:gabbro_diamond_ore",
        "unearthed:granodiorite_diamond_ore",
        "unearthed:grey_limestone_diamond_ore",
        "unearthed:limestone_diamond_ore",
        "unearthed:mudstone_diamond_ore",
        "unearthed:phyllite_diamond_ore",
        "unearthed:rhyolite_diamond_ore",
        "unearthed:siltstone_diamond_ore",
        "unearthed:slate_diamond_ore",
        "unearthed:white_granite_diamond_ore",
        "unearthed:sandstone_diamond_ore"
      ],
      "en_name": "Diamond Ore",
      "types": [
        "stone"
      ],
      "texture_count": 5,
      "id": "diamond_ore",
      "stone": [
        "unearthed_beige_limestone",
        "unearthed_conglomerate",
        "unearthed_gabbro",
        "unearthed_granodiorite",
        "unearthed_grey_limestone",
        "unearthed_limestone",
        "unearthed_mudstone",
        "unearthed_phyllite",
        "unearthed_rhyolite",
        "unearthed_siltstone",
        "unearthed_slate",
        "unearthed_white_granite",
        "sandstone"
      ]
    },
    {
      "block_id": [
        "unearthed:beige_limestone_redstone_ore",
        "unearthed:conglomerate_redstone_ore",
        "unearthed:gabbro_redstone_ore",
        "unearthed:granodiorite_redstone_ore",
        "unearthed:grey_limestone_redstone_ore",
        "unearthed:limestone_redstone_ore",
        "unearthed:mudstone_redstone_ore",
        "unearthed:phyllite_redstone_ore",
        "unearthed:rhyolite_redstone_ore",
        "unearthed:siltstone_redstone_ore",
        "unearthed:slate_redstone_ore",
        "unearthed:white_granite_redstone_ore",
        "unearthed:sandstone_redstone_ore"
      ],
      "en_name": "Redstone Ore",
      "types": [
        "stone"
      ],
      "texture_count": 5,
      "id": "redstone_ore",
      "stone": [
        "unearthed_beige_limestone",
        "unearthed_conglomerate",
        "unearthed_gabbro",
        "unearthed_granodiorite",
        "unearthed_grey_limestone",
        "unearthed_limestone",
        "unearthed_mudstone",
        "unearthed_phyllite",
        "unearthed_rhyolite",
        "unearthed_siltstone",
        "unearthed_slate",
        "unearthed_white_granite",
        "sandstone"
      ]
    }
  ]
}